{
  "images" : [
    {
      "idiom" : "universal",
      "scale" : "1x",
      "filename" : "Rectangle 6 + Oval 8 Copy + Rectangle 7 Copy Copy Copy Copy Copy Copy Copy Copy Copy Copy Copy Copy Copy Copy Copy Copy Copy Copy Copy Copy Copy Copy Copy Copy Copy Copy.png"
    },
    {
      "idiom" : "universal",
      "scale" : "2x",
      "filename" : "Rectangle 6 + Oval 8 Copy + Rectangle 7 Copy Copy Copy Copy Copy Copy Copy Copy Copy Copy Copy Copy Copy Copy Copy Copy Copy Copy Copy Copy Copy Copy Copy Copy Copy Copy@2x.png"
    },
    {
      "idiom" : "universal",
      "scale" : "3x",
      "filename" : "Rectangle 6 + Oval 8 Copy + Rectangle 7 Copy Copy Copy Copy Copy Copy Copy Copy Copy Copy Copy Copy Copy Copy Copy Copy Copy Copy Copy Copy Copy Copy Copy Copy Copy Copy@3x.png"
    }
  ],
  "info" : {
    "version" : 1,
    "author" : "xcode"
  }
}